slug,display,parent_work_id,source,public,tags,work_url,manifest,thumb_url,details_url,archive_url,archive_exists,archive_filename,archive_format,archive_size_bytes,archive_sha256,item_json_count,item_json_urls,chapter_count,page_count,page_bytes,upload_status,upload_method,upload_remote,uploaded_at,generated_at
A_Careless_Mother_Who_Casually_Comes_Alone_to_Her_Sons_Apartment_After_He_Moves_Out_on_His_Own,A Careless Mother Who Casually Comes Alone to Her Son's Apartment After He Moves Out on His Own,5720377550,e,True,"[""manifest""]",https://cdn.564578634.xyz/works/A_Careless_Mother_Who_Casually_Comes_Alone_to_Her_Sons_Apartment_After_He_Moves_Out_on_His_Own/,works/A_Careless_Mother_Who_Casually_Comes_Alone_to_Her_Sons_Apartment_After_He_Moves_Out_on_His_Own.json,https://cdn.564578634.xyz/works/A_Careless_Mother_Who_Casually_Comes_Alone_to_Her_Sons_Apartment_After_He_Moves_Out_on_His_Own/chapter_1/thumb.webp,https://cdn.564578634.xyz/works/A_Careless_Mother_Who_Casually_Comes_Alone_to_Her_Sons_Apartment_After_He_Moves_Out_on_His_Own/chapter_1/details.json,https://cdn.564578634.xyz/works/A_Careless_Mother_Who_Casually_Comes_Alone_to_Her_Sons_Apartment_After_He_Moves_Out_on_His_Own/chapter_1/A Careless Mother Who Casually Comes Alone to Her Son's Apartment After He Moves Out on His Own.cbz,True,A Careless Mother Who Casually Comes Alone to Her Son's Apartment After He Moves Out on His Own.cbz,cbz,6304430,75a8537616748366e78c15c7699691a0ceacdad34acc2aad13072c0e3650ed69,1,"[""https://cdn.564578634.xyz/works/A_Careless_Mother_Who_Casually_Comes_Alone_to_Her_Sons_Apartment_After_He_Moves_Out_on_His_Own/chapter_1/item.json""]",1,47,6299350,uploaded,rclone,animeplex.lol:extended/works/A_Careless_Mother_Who_Casually_Comes_Alone_to_Her_Sons_Apartment_After_He_Moves_Out_on_His_Own,2026-07-27T14:49:36Z,2026-07-27T14:49:36Z
Ama_Ama_Shimashou_ne_Lets_Pamper_You_Lots_Alright,"Ama Ama Shimashou ne Let's Pamper You Lots, Alright",1510899254,e,True,"[""manifest""]",https://cdn.564578634.xyz/works/Ama_Ama_Shimashou_ne_Lets_Pamper_You_Lots_Alright/,works/Ama_Ama_Shimashou_ne_Lets_Pamper_You_Lots_Alright.json,https://cdn.564578634.xyz/works/Ama_Ama_Shimashou_ne_Lets_Pamper_You_Lots_Alright/chapter_1/thumb.webp,https://cdn.564578634.xyz/works/Ama_Ama_Shimashou_ne_Lets_Pamper_You_Lots_Alright/chapter_1/details.json,"https://cdn.564578634.xyz/works/Ama_Ama_Shimashou_ne_Lets_Pamper_You_Lots_Alright/chapter_1/Ama Ama Shimashou ne _ Let's Pamper You Lots, Alright_.cbz",True,"Ama Ama Shimashou ne _ Let's Pamper You Lots, Alright_.cbz",cbz,29315846,646e55be0278d9468e32d7b19018a79994bac759b1fd40534b52c0ffa86acfa3,1,"[""https://cdn.564578634.xyz/works/Ama_Ama_Shimashou_ne_Lets_Pamper_You_Lots_Alright/chapter_1/item.json""]",1,31,29313034,uploaded,rclone,animeplex.lol:extended/works/Ama_Ama_Shimashou_ne_Lets_Pamper_You_Lots_Alright,2026-07-27T14:49:36Z,2026-07-27T14:49:36Z
Asobare_Dear_Sex_Friend_decensored,Asobare Dear Sex Friend (decensored),8617948193,e,True,"[""manifest""]",https://cdn.564578634.xyz/works/Asobare_Dear_Sex_Friend_decensored/,works/Asobare_Dear_Sex_Friend_decensored.json,https://cdn.564578634.xyz/works/Asobare_Dear_Sex_Friend_decensored/chapter_1/thumb.webp,https://cdn.564578634.xyz/works/Asobare_Dear_Sex_Friend_decensored/chapter_1/details.json,https://cdn.564578634.xyz/works/Asobare_Dear_Sex_Friend_decensored/chapter_1/Asobare Dear Sex Friend (decensored).cbz,True,Asobare Dear Sex Friend (decensored).cbz,cbz,75800012,6b235f951d2ed11e93d10cc9d3df26770b0d92959114b1d6f234afbaf7de58b7,1,"[""https://cdn.564578634.xyz/works/Asobare_Dear_Sex_Friend_decensored/chapter_1/item.json""]",1,200,75781574,uploaded,rclone,animeplex.lol:extended/works/Asobare_Dear_Sex_Friend_decensored,2026-07-27T14:49:36Z,2026-07-27T14:49:36Z
BAIKEN_BABY_MAKING,BAIKEN BABY MAKING 💢💢💢,1350819006,e,True,"[""manifest""]",https://cdn.564578634.xyz/works/BAIKEN_BABY_MAKING/,works/BAIKEN_BABY_MAKING.json,https://cdn.564578634.xyz/works/BAIKEN_BABY_MAKING/chapter_1/thumb.webp,https://cdn.564578634.xyz/works/BAIKEN_BABY_MAKING/chapter_1/details.json,https://cdn.564578634.xyz/works/BAIKEN_BABY_MAKING/chapter_1/BAIKEN BABY MAKING 💢💢💢.cbz,True,BAIKEN BABY MAKING 💢💢💢.cbz,cbz,8301758,10c805d0c28d123305d7008d12d2346fcccd866094c6cdb0b305323fe82b31af,1,"[""https://cdn.564578634.xyz/works/BAIKEN_BABY_MAKING/chapter_1/item.json""]",1,26,8299094,uploaded,rclone,animeplex.lol:extended/works/BAIKEN_BABY_MAKING,2026-07-27T14:49:36Z,2026-07-27T14:49:36Z
Cast_Aoi,Cast Aoi,1662022071,e,True,"[""manifest""]",https://cdn.564578634.xyz/works/Cast_Aoi/,works/Cast_Aoi.json,https://cdn.564578634.xyz/works/Cast_Aoi/chapter_1/thumb.webp,https://cdn.564578634.xyz/works/Cast_Aoi/chapter_1/details.json,https://cdn.564578634.xyz/works/Cast_Aoi/chapter_1/Cast Aoi.cbz,True,Cast Aoi.cbz,cbz,81259726,e1d1cde7e5ef11d2f9879e51ce53f9021f96b8b1224cff52ec62ee0c1f4c0abe,1,"[""https://cdn.564578634.xyz/works/Cast_Aoi/chapter_1/item.json""]",1,188,81242402,uploaded,rclone,animeplex.lol:extended/works/Cast_Aoi,2026-07-27T14:49:36Z,2026-07-27T14:49:36Z
DAMON,DAMON,7257471746,e,True,"[""manifest""]",https://cdn.564578634.xyz/works/DAMON/,works/DAMON.json,https://cdn.564578634.xyz/works/DAMON/chapter_1/thumb.webp,https://cdn.564578634.xyz/works/DAMON/chapter_1/details.json,https://cdn.564578634.xyz/works/DAMON/chapter_1/DAMON.cbz,True,DAMON.cbz,cbz,75770024,dac8a10df510bb34ee56a5e813558b1e117cbd20aa393afc3c1f995f6c26fa7d,1,"[""https://cdn.564578634.xyz/works/DAMON/chapter_1/item.json""]",1,691,75706430,uploaded,rclone,animeplex.lol:extended/works/DAMON,2026-07-27T14:49:36Z,2026-07-27T14:49:36Z
Double_D_Fiesta,Double D Fiesta,4464221434,e,True,"[""manifest""]",https://cdn.564578634.xyz/works/Double_D_Fiesta/,works/Double_D_Fiesta.json,https://cdn.564578634.xyz/works/Double_D_Fiesta/chapter_1/thumb.webp,https://cdn.564578634.xyz/works/Double_D_Fiesta/chapter_1/details.json,https://cdn.564578634.xyz/works/Double_D_Fiesta/chapter_1/Double D Fiesta.cbz,True,Double D Fiesta.cbz,cbz,2114084,15dcf69ccffd78574dfd4673ee68ac0c5551a1424e0541d8091844747038394e,1,"[""https://cdn.564578634.xyz/works/Double_D_Fiesta/chapter_1/item.json""]",1,8,2113358,uploaded,rclone,animeplex.lol:extended/works/Double_D_Fiesta,2026-07-27T14:49:36Z,2026-07-27T14:49:36Z
GNO_.01_uncensored,GNO .01 (uncensored),7680811915,e,True,"[""manifest""]",https://cdn.564578634.xyz/works/GNO_.01_uncensored/,works/GNO_.01_uncensored.json,https://cdn.564578634.xyz/works/GNO_.01_uncensored/chapter_1/thumb.webp,https://cdn.564578634.xyz/works/GNO_.01_uncensored/chapter_1/details.json,https://cdn.564578634.xyz/works/GNO_.01_uncensored/chapter_1/GNO .01 (uncensored).cbz,True,GNO .01 (uncensored).cbz,cbz,77138430,9b37cf6ec293fbeaea6f821c2dc2b81cf879c5cb7a49ae0b63a654d0b2237fdd,1,"[""https://cdn.564578634.xyz/works/GNO_.01_uncensored/chapter_1/item.json""]",1,166,77123136,uploaded,rclone,animeplex.lol:extended/works/GNO_.01_uncensored,2026-07-27T14:49:36Z,2026-07-27T14:49:36Z
If_I_Have_a_Chance_I_Want_to_Warp_My_Boyfriends_Fetishes_Louder,"If I Have a Chance, I Want to Warp My Boyfriend's Fetishes! ~Louder~",1290277529,e,True,"[""manifest""]",https://cdn.564578634.xyz/works/If_I_Have_a_Chance_I_Want_to_Warp_My_Boyfriends_Fetishes_Louder/,works/If_I_Have_a_Chance_I_Want_to_Warp_My_Boyfriends_Fetishes_Louder.json,https://cdn.564578634.xyz/works/If_I_Have_a_Chance_I_Want_to_Warp_My_Boyfriends_Fetishes_Louder/chapter_1/thumb.webp,https://cdn.564578634.xyz/works/If_I_Have_a_Chance_I_Want_to_Warp_My_Boyfriends_Fetishes_Louder/chapter_1/details.json,"https://cdn.564578634.xyz/works/If_I_Have_a_Chance_I_Want_to_Warp_My_Boyfriends_Fetishes_Louder/chapter_1/If I Have a Chance, I Want to Warp My Boyfriend's Fetishes! ~Louder~.cbz",True,"If I Have a Chance, I Want to Warp My Boyfriend's Fetishes! ~Louder~.cbz",cbz,36378096,c6df7d9245c25a08629892235920adf3c0561869ca2e5959e974ad187ebeaa3c,1,"[""https://cdn.564578634.xyz/works/If_I_Have_a_Chance_I_Want_to_Warp_My_Boyfriends_Fetishes_Louder/chapter_1/item.json""]",1,78,36370402,uploaded,rclone,animeplex.lol:extended/works/If_I_Have_a_Chance_I_Want_to_Warp_My_Boyfriends_Fetishes_Louder,2026-07-27T14:49:36Z,2026-07-27T14:49:36Z
Inkaku_Zecchou_Kyouiku_Report_Taishou..._Hanzai_Consultant,Inkaku Zecchou Kyouiku Report Taishou... Hanzai Consultant,8172543390,e,True,"[""manifest""]",https://cdn.564578634.xyz/works/Inkaku_Zecchou_Kyouiku_Report_Taishou..._Hanzai_Consultant/,works/Inkaku_Zecchou_Kyouiku_Report_Taishou..._Hanzai_Consultant.json,https://cdn.564578634.xyz/works/Inkaku_Zecchou_Kyouiku_Report_Taishou..._Hanzai_Consultant/chapter_1/thumb.webp,https://cdn.564578634.xyz/works/Inkaku_Zecchou_Kyouiku_Report_Taishou..._Hanzai_Consultant/chapter_1/details.json,https://cdn.564578634.xyz/works/Inkaku_Zecchou_Kyouiku_Report_Taishou..._Hanzai_Consultant/chapter_1/Inkaku Zecchou Kyouiku Report Taishou... Hanzai Consultant.cbz,True,Inkaku Zecchou Kyouiku Report Taishou... Hanzai Consultant.cbz,cbz,16177378,18ef1e7701b16bea9cc0e3f5673c850f25064d63d484ee087c5ff2a6a8a3e07f,1,"[""https://cdn.564578634.xyz/works/Inkaku_Zecchou_Kyouiku_Report_Taishou..._Hanzai_Consultant/chapter_1/item.json""]",1,64,16171230,uploaded,rclone,animeplex.lol:extended/works/Inkaku_Zecchou_Kyouiku_Report_Taishou..._Hanzai_Consultant,2026-07-27T14:49:36Z,2026-07-27T14:49:36Z
Its_not_Just_Adultery_-_Chapter_1-15,It's not Just Adultery - Chapter 1-15,6950707821,e,True,"[""manifest""]",https://cdn.564578634.xyz/works/Its_not_Just_Adultery_-_Chapter_1-15/,works/Its_not_Just_Adultery_-_Chapter_1-15.json,https://cdn.564578634.xyz/works/Its_not_Just_Adultery_-_Chapter_1-15/chapter_1/thumb.webp,https://cdn.564578634.xyz/works/Its_not_Just_Adultery_-_Chapter_1-15/chapter_1/details.json,https://cdn.564578634.xyz/works/Its_not_Just_Adultery_-_Chapter_1-15/chapter_1/It's not Just Adultery - Chapter 1-15.cbz,True,It's not Just Adultery - Chapter 1-15.cbz,cbz,43546052,efacfd3f992a50eb2bc8e75f2f56f4f616e2b960e745d736a75cd9db088a0edf,1,"[""https://cdn.564578634.xyz/works/Its_not_Just_Adultery_-_Chapter_1-15/chapter_1/item.json""]",1,312,43511458,uploaded,rclone,animeplex.lol:extended/works/Its_not_Just_Adultery_-_Chapter_1-15,2026-07-27T14:49:36Z,2026-07-27T14:49:36Z
Jikan_Teishi_no_Chikara_o_Te_ni_Ireta_Ore_wa_Yatsu_ra_ni_Fukushuu_suru_After_Gaining_the_Power_to_Stop_Time_I_Took_Revenge_on_All_of_Them,"Jikan Teishi no Chikara o Te ni Ireta Ore wa Yatsu ra ni Fukushuu suru After Gaining the Power to Stop Time, I Took Revenge on All of Them",9219382492,e,True,"[""manifest""]",https://cdn.564578634.xyz/works/Jikan_Teishi_no_Chikara_o_Te_ni_Ireta_Ore_wa_Yatsu_ra_ni_Fukushuu_suru_After_Gaining_the_Power_to_Stop_Time_I_Took_Revenge_on_All_of_Them/,works/Jikan_Teishi_no_Chikara_o_Te_ni_Ireta_Ore_wa_Yatsu_ra_ni_Fukushuu_suru_After_Gaining_the_Power_to_Stop_Time_I_Took_Revenge_on_All_of_Them.json,https://cdn.564578634.xyz/works/Jikan_Teishi_no_Chikara_o_Te_ni_Ireta_Ore_wa_Yatsu_ra_ni_Fukushuu_suru_After_Gaining_the_Power_to_Stop_Time_I_Took_Revenge_on_All_of_Them/chapter_1/thumb.webp,https://cdn.564578634.xyz/works/Jikan_Teishi_no_Chikara_o_Te_ni_Ireta_Ore_wa_Yatsu_ra_ni_Fukushuu_suru_After_Gaining_the_Power_to_Stop_Time_I_Took_Revenge_on_All_of_Them/chapter_1/details.json,"https://cdn.564578634.xyz/works/Jikan_Teishi_no_Chikara_o_Te_ni_Ireta_Ore_wa_Yatsu_ra_ni_Fukushuu_suru_After_Gaining_the_Power_to_Stop_Time_I_Took_Revenge_on_All_of_Them/chapter_1/Jikan Teishi no Chikara o Te ni Ireta Ore wa Yatsu ra ni Fukushuu suru _ After Gaining the Power to Stop Time, I Took Revenge on All of Them.cbz",True,"Jikan Teishi no Chikara o Te ni Ireta Ore wa Yatsu ra ni Fukushuu suru _ After Gaining the Power to Stop Time, I Took Revenge on All of Them.cbz",cbz,15488554,f067b05df67227048a204e44d6b867de54880bf1b207c0e291ad016c5f2a8368,1,"[""https://cdn.564578634.xyz/works/Jikan_Teishi_no_Chikara_o_Te_ni_Ireta_Ore_wa_Yatsu_ra_ni_Fukushuu_suru_After_Gaining_the_Power_to_Stop_Time_I_Took_Revenge_on_All_of_Them/chapter_1/item.json""]",1,82,15480678,uploaded,rclone,animeplex.lol:extended/works/Jikan_Teishi_no_Chikara_o_Te_ni_Ireta_Ore_wa_Yatsu_ra_ni_Fukushuu_suru_After_Gaining_the_Power_to_Stop_Time_I_Took_Revenge_on_All_of_Them,2026-07-27T14:49:36Z,2026-07-27T14:49:36Z
Karada_ni_mo_Yabai_Yatsu_datta..._The_Dangers_of_our_Bodies...,Karada ni mo Yabai Yatsu datta... The Dangers of our Bodies...,2377543585,e,True,"[""manifest""]",https://cdn.564578634.xyz/works/Karada_ni_mo_Yabai_Yatsu_datta..._The_Dangers_of_our_Bodies.../,works/Karada_ni_mo_Yabai_Yatsu_datta..._The_Dangers_of_our_Bodies....json,https://cdn.564578634.xyz/works/Karada_ni_mo_Yabai_Yatsu_datta..._The_Dangers_of_our_Bodies.../chapter_1/thumb.webp,https://cdn.564578634.xyz/works/Karada_ni_mo_Yabai_Yatsu_datta..._The_Dangers_of_our_Bodies.../chapter_1/details.json,https://cdn.564578634.xyz/works/Karada_ni_mo_Yabai_Yatsu_datta..._The_Dangers_of_our_Bodies.../chapter_1/Karada ni mo Yabai Yatsu datta... _ The Dangers of our Bodies....cbz,True,Karada ni mo Yabai Yatsu datta... _ The Dangers of our Bodies....cbz,cbz,32024664,ab9770ed1e6cfbb7f380ff22833bb473a7934cc2b49489b857f2edeb30063bae,1,"[""https://cdn.564578634.xyz/works/Karada_ni_mo_Yabai_Yatsu_datta..._The_Dangers_of_our_Bodies.../chapter_1/item.json""]",1,25,32022178,uploaded,rclone,animeplex.lol:extended/works/Karada_ni_mo_Yabai_Yatsu_datta..._The_Dangers_of_our_Bodies...,2026-07-27T14:49:36Z,2026-07-27T14:49:36Z
Kindan_no_Boshi_Swapping_2_h_kago_no_ky_shitsu_de_4_P_rank_-hen_Mother_Star_Swapping_2_-_4P_in_the_Classroom_After_School_Orgy_Edition,Kindan no Boshi Swapping 2 〜 hōkago no kyōshitsu de 4 P rankō-hen 〜 Mother Star Swapping 2 - 4P in the Classroom After School Orgy Edition !,1490540248,e,True,"[""manifest""]",https://cdn.564578634.xyz/works/Kindan_no_Boshi_Swapping_2_h_kago_no_ky_shitsu_de_4_P_rank_-hen_Mother_Star_Swapping_2_-_4P_in_the_Classroom_After_School_Orgy_Edition/,works/Kindan_no_Boshi_Swapping_2_h_kago_no_ky_shitsu_de_4_P_rank_-hen_Mother_Star_Swapping_2_-_4P_in_the_Classroom_After_School_Orgy_Edition.json,https://cdn.564578634.xyz/works/Kindan_no_Boshi_Swapping_2_h_kago_no_ky_shitsu_de_4_P_rank_-hen_Mother_Star_Swapping_2_-_4P_in_the_Classroom_After_School_Orgy_Edition/chapter_1/thumb.webp,https://cdn.564578634.xyz/works/Kindan_no_Boshi_Swapping_2_h_kago_no_ky_shitsu_de_4_P_rank_-hen_Mother_Star_Swapping_2_-_4P_in_the_Classroom_After_School_Orgy_Edition/chapter_1/details.json,https://cdn.564578634.xyz/works/Kindan_no_Boshi_Swapping_2_h_kago_no_ky_shitsu_de_4_P_rank_-hen_Mother_Star_Swapping_2_-_4P_in_the_Classroom_After_School_Orgy_Edition/chapter_1/Kindan no Boshi Swapping 2 〜 hōkago no kyōshitsu de 4 P rankō-hen 〜 _ Mother Star Swapping 2 - 4P in the Classroom After School _Orgy Edition_!.cbz,True,Kindan no Boshi Swapping 2 〜 hōkago no kyōshitsu de 4 P rankō-hen 〜 _ Mother Star Swapping 2 - 4P in the Classroom After School _Orgy Edition_!.cbz,cbz,14638894,644d50be8990d0bd83553ed24a62c6eda8df12368f6fc0b7aa49a83664016c1b,1,"[""https://cdn.564578634.xyz/works/Kindan_no_Boshi_Swapping_2_h_kago_no_ky_shitsu_de_4_P_rank_-hen_Mother_Star_Swapping_2_-_4P_in_the_Classroom_After_School_Orgy_Edition/chapter_1/item.json""]",1,88,14630444,uploaded,rclone,animeplex.lol:extended/works/Kindan_no_Boshi_Swapping_2_h_kago_no_ky_shitsu_de_4_P_rank_-hen_Mother_Star_Swapping_2_-_4P_in_the_Classroom_After_School_Orgy_Edition,2026-07-27T14:49:36Z,2026-07-27T14:49:36Z
Kojin_Houmonda_yo_Qingyi-san_Its_a_personal_visit_Qingyi-san,"Kojin Houmonda yo Qingyi-san It's a personal visit, Qingyi-san",6290529308,e,True,"[""manifest""]",https://cdn.564578634.xyz/works/Kojin_Houmonda_yo_Qingyi-san_Its_a_personal_visit_Qingyi-san/,works/Kojin_Houmonda_yo_Qingyi-san_Its_a_personal_visit_Qingyi-san.json,https://cdn.564578634.xyz/works/Kojin_Houmonda_yo_Qingyi-san_Its_a_personal_visit_Qingyi-san/chapter_1/thumb.webp,https://cdn.564578634.xyz/works/Kojin_Houmonda_yo_Qingyi-san_Its_a_personal_visit_Qingyi-san/chapter_1/details.json,"https://cdn.564578634.xyz/works/Kojin_Houmonda_yo_Qingyi-san_Its_a_personal_visit_Qingyi-san/chapter_1/Kojin Houmonda yo Qingyi-san _ It's a personal visit, Qingyi-san.cbz",True,"Kojin Houmonda yo Qingyi-san _ It's a personal visit, Qingyi-san.cbz",cbz,36510418,8c2a9de37dde1bb697a3f3a197fff13bd72c174c5ae05c0a819e64652e210804,1,"[""https://cdn.564578634.xyz/works/Kojin_Houmonda_yo_Qingyi-san_Its_a_personal_visit_Qingyi-san/chapter_1/item.json""]",1,24,36508236,uploaded,rclone,animeplex.lol:extended/works/Kojin_Houmonda_yo_Qingyi-san_Its_a_personal_visit_Qingyi-san,2026-07-27T14:49:36Z,2026-07-27T14:49:36Z
Kyou_no_Toriko_Todays_Prisoner,Kyou no Toriko Today's Prisoner,7739438196,e,True,"[""manifest""]",https://cdn.564578634.xyz/works/Kyou_no_Toriko_Todays_Prisoner/,works/Kyou_no_Toriko_Todays_Prisoner.json,https://cdn.564578634.xyz/works/Kyou_no_Toriko_Todays_Prisoner/chapter_1/thumb.webp,https://cdn.564578634.xyz/works/Kyou_no_Toriko_Todays_Prisoner/chapter_1/details.json,https://cdn.564578634.xyz/works/Kyou_no_Toriko_Todays_Prisoner/chapter_1/Kyou no Toriko _ Today's Prisoner.cbz,True,Kyou no Toriko _ Today's Prisoner.cbz,cbz,32309956,0c94835f6b997af93fb9d572b8e28a5d351e8626498f9088fcdf3047a64c7696,1,"[""https://cdn.564578634.xyz/works/Kyou_no_Toriko_Todays_Prisoner/chapter_1/item.json""]",1,26,32307594,uploaded,rclone,animeplex.lol:extended/works/Kyou_no_Toriko_Todays_Prisoner,2026-07-27T14:49:36Z,2026-07-27T14:49:36Z
Mahiru_to_Numata_Wana_ni_Hamerareta_Kanojo_2_Mahiru_and_Numata_The_Girl_Who_Fell_into_a_Trap_2,Mahiru to Numata ~Wana ni Hamerareta Kanojo 2~ Mahiru and Numata ~The Girl Who Fell into a Trap 2~,1826976963,e,True,"[""manifest""]",https://cdn.564578634.xyz/works/Mahiru_to_Numata_Wana_ni_Hamerareta_Kanojo_2_Mahiru_and_Numata_The_Girl_Who_Fell_into_a_Trap_2/,works/Mahiru_to_Numata_Wana_ni_Hamerareta_Kanojo_2_Mahiru_and_Numata_The_Girl_Who_Fell_into_a_Trap_2.json,https://cdn.564578634.xyz/works/Mahiru_to_Numata_Wana_ni_Hamerareta_Kanojo_2_Mahiru_and_Numata_The_Girl_Who_Fell_into_a_Trap_2/chapter_1/thumb.webp,https://cdn.564578634.xyz/works/Mahiru_to_Numata_Wana_ni_Hamerareta_Kanojo_2_Mahiru_and_Numata_The_Girl_Who_Fell_into_a_Trap_2/chapter_1/details.json,https://cdn.564578634.xyz/works/Mahiru_to_Numata_Wana_ni_Hamerareta_Kanojo_2_Mahiru_and_Numata_The_Girl_Who_Fell_into_a_Trap_2/chapter_1/Mahiru to Numata ~Wana ni Hamerareta Kanojo 2~ _ Mahiru and Numata ~The Girl Who Fell into a Trap 2~.cbz,True,Mahiru to Numata ~Wana ni Hamerareta Kanojo 2~ _ Mahiru and Numata ~The Girl Who Fell into a Trap 2~.cbz,cbz,11796700,6ecdf482a9b1ade1d3fdfb68e8785fd8348d0d66de1598322e7a27afa9ea2752,1,"[""https://cdn.564578634.xyz/works/Mahiru_to_Numata_Wana_ni_Hamerareta_Kanojo_2_Mahiru_and_Numata_The_Girl_Who_Fell_into_a_Trap_2/chapter_1/item.json""]",1,71,11790288,uploaded,rclone,animeplex.lol:extended/works/Mahiru_to_Numata_Wana_ni_Hamerareta_Kanojo_2_Mahiru_and_Numata_The_Girl_Who_Fell_into_a_Trap_2,2026-07-27T14:49:36Z,2026-07-27T14:49:36Z
MC_Gakuen,MC Gakuen,7717578052,e,True,"[""manifest""]",https://cdn.564578634.xyz/works/MC_Gakuen/,works/MC_Gakuen.json,https://cdn.564578634.xyz/works/MC_Gakuen/chapter_1/thumb.webp,https://cdn.564578634.xyz/works/MC_Gakuen/chapter_1/details.json,https://cdn.564578634.xyz/works/MC_Gakuen/chapter_1/MC Gakuen.cbz,True,MC Gakuen.cbz,cbz,62821910,54b4c2fb5e5bff8a1bbaf663dfb2bf314b00f4b56c35852f6065560ccf1b4202,1,"[""https://cdn.564578634.xyz/works/MC_Gakuen/chapter_1/item.json""]",1,155,62807628,uploaded,rclone,animeplex.lol:extended/works/MC_Gakuen,2026-07-27T14:49:36Z,2026-07-27T14:49:36Z
MISATO_x_SHINJI_BABY_MAKING,MISATO x SHINJI BABY MAKING,6831019199,e,True,"[""manifest""]",https://cdn.564578634.xyz/works/MISATO_x_SHINJI_BABY_MAKING/,works/MISATO_x_SHINJI_BABY_MAKING.json,https://cdn.564578634.xyz/works/MISATO_x_SHINJI_BABY_MAKING/chapter_1/thumb.webp,https://cdn.564578634.xyz/works/MISATO_x_SHINJI_BABY_MAKING/chapter_1/details.json,https://cdn.564578634.xyz/works/MISATO_x_SHINJI_BABY_MAKING/chapter_1/MISATO x SHINJI BABY MAKING.cbz,True,MISATO x SHINJI BABY MAKING.cbz,cbz,10327784,8b6ed9588e6f8a2e97b78a12516d3d85f146e7e9ddf1cce2880b3d19609b281d,1,"[""https://cdn.564578634.xyz/works/MISATO_x_SHINJI_BABY_MAKING/chapter_1/item.json""]",1,26,10324964,uploaded,rclone,animeplex.lol:extended/works/MISATO_x_SHINJI_BABY_MAKING,2026-07-27T14:49:36Z,2026-07-27T14:49:36Z
Momobukuro_Sensei_no_Miracle_Chibukuro,Momobukuro Sensei no Miracle Chibukuro,2226743321,e,True,"[""manifest""]",https://cdn.564578634.xyz/works/Momobukuro_Sensei_no_Miracle_Chibukuro/,works/Momobukuro_Sensei_no_Miracle_Chibukuro.json,https://cdn.564578634.xyz/works/Momobukuro_Sensei_no_Miracle_Chibukuro/chapter_1/thumb.webp,https://cdn.564578634.xyz/works/Momobukuro_Sensei_no_Miracle_Chibukuro/chapter_1/details.json,https://cdn.564578634.xyz/works/Momobukuro_Sensei_no_Miracle_Chibukuro/chapter_1/Momobukuro Sensei no Miracle Chibukuro.cbz,True,Momobukuro Sensei no Miracle Chibukuro.cbz,cbz,22779472,132755482383857890b7646f9fa0d51ac066de897b1eecddedfd4431145cf1ad,1,"[""https://cdn.564578634.xyz/works/Momobukuro_Sensei_no_Miracle_Chibukuro/chapter_1/item.json""]",1,25,22777200,uploaded,rclone,animeplex.lol:extended/works/Momobukuro_Sensei_no_Miracle_Chibukuro,2026-07-27T14:49:36Z,2026-07-27T14:49:36Z
My_Lovely_Angel_Ayase-tan,My Lovely Angel! Ayase-tan,5538461103,e,True,"[""manifest""]",https://cdn.564578634.xyz/works/My_Lovely_Angel_Ayase-tan/,works/My_Lovely_Angel_Ayase-tan.json,https://cdn.564578634.xyz/works/My_Lovely_Angel_Ayase-tan/chapter_1/thumb.webp,https://cdn.564578634.xyz/works/My_Lovely_Angel_Ayase-tan/chapter_1/details.json,https://cdn.564578634.xyz/works/My_Lovely_Angel_Ayase-tan/chapter_1/My Lovely Angel!_ Ayase-tan.cbz,True,My Lovely Angel!_ Ayase-tan.cbz,cbz,25827794,f1952feed9a34a2cbdd257845d3a8427c21d2c1ed11c4452eb6b892c7c12a407,1,"[""https://cdn.564578634.xyz/works/My_Lovely_Angel_Ayase-tan/chapter_1/item.json""]",1,26,25825432,uploaded,rclone,animeplex.lol:extended/works/My_Lovely_Angel_Ayase-tan,2026-07-27T14:49:36Z,2026-07-27T14:49:36Z
Natsu_Ryokan_Shakkintori.,"Natsu, Ryokan, Shakkintori.",9933466745,e,True,"[""manifest""]",https://cdn.564578634.xyz/works/Natsu_Ryokan_Shakkintori./,works/Natsu_Ryokan_Shakkintori..json,https://cdn.564578634.xyz/works/Natsu_Ryokan_Shakkintori./chapter_1/thumb.webp,https://cdn.564578634.xyz/works/Natsu_Ryokan_Shakkintori./chapter_1/details.json,"https://cdn.564578634.xyz/works/Natsu_Ryokan_Shakkintori./chapter_1/Natsu, Ryokan, Shakkintori..cbz",True,"Natsu, Ryokan, Shakkintori..cbz",cbz,3674212,d22b028ac1d8c7118db2f133bbd38b3f31c05ac44b1339124cfbeae7371450e5,1,"[""https://cdn.564578634.xyz/works/Natsu_Ryokan_Shakkintori./chapter_1/item.json""]",1,21,3671906,uploaded,rclone,animeplex.lol:extended/works/Natsu_Ryokan_Shakkintori.,2026-07-27T14:49:36Z,2026-07-27T14:49:36Z
no_Hou_ga_Zutto_Mae_kara_Suki_datta_noni,no Hou ga Zutto Mae kara Suki datta noni,3606893164,e,True,"[""manifest""]",https://cdn.564578634.xyz/works/no_Hou_ga_Zutto_Mae_kara_Suki_datta_noni/,works/no_Hou_ga_Zutto_Mae_kara_Suki_datta_noni.json,https://cdn.564578634.xyz/works/no_Hou_ga_Zutto_Mae_kara_Suki_datta_noni/chapter_1/thumb.webp,https://cdn.564578634.xyz/works/no_Hou_ga_Zutto_Mae_kara_Suki_datta_noni/chapter_1/details.json,https://cdn.564578634.xyz/works/no_Hou_ga_Zutto_Mae_kara_Suki_datta_noni/chapter_1/no Hou ga Zutto Mae kara Suki datta noni.cbz,True,no Hou ga Zutto Mae kara Suki datta noni.cbz,cbz,48476862,c65db98242656c1062d8e6dbe7bdabba8bb2c0cd5d6abbd1bbc5129c67aec6ce,1,"[""https://cdn.564578634.xyz/works/no_Hou_ga_Zutto_Mae_kara_Suki_datta_noni/chapter_1/item.json""]",1,34,48473780,uploaded,rclone,animeplex.lol:extended/works/no_Hou_ga_Zutto_Mae_kara_Suki_datta_noni,2026-07-27T14:49:36Z,2026-07-27T14:49:36Z
Osananajimi_wa_Ore_no_Senzoku_Okuchi_Maid_My_Childhood_Friend_is_my_Personal_Mouth_Maid,Osananajimi wa Ore no Senzoku Okuchi Maid My Childhood Friend is my Personal Mouth Maid,4958838971,e,True,"[""manifest""]",https://cdn.564578634.xyz/works/Osananajimi_wa_Ore_no_Senzoku_Okuchi_Maid_My_Childhood_Friend_is_my_Personal_Mouth_Maid/,works/Osananajimi_wa_Ore_no_Senzoku_Okuchi_Maid_My_Childhood_Friend_is_my_Personal_Mouth_Maid.json,https://cdn.564578634.xyz/works/Osananajimi_wa_Ore_no_Senzoku_Okuchi_Maid_My_Childhood_Friend_is_my_Personal_Mouth_Maid/chapter_1/thumb.webp,https://cdn.564578634.xyz/works/Osananajimi_wa_Ore_no_Senzoku_Okuchi_Maid_My_Childhood_Friend_is_my_Personal_Mouth_Maid/chapter_1/details.json,https://cdn.564578634.xyz/works/Osananajimi_wa_Ore_no_Senzoku_Okuchi_Maid_My_Childhood_Friend_is_my_Personal_Mouth_Maid/chapter_1/Osananajimi wa Ore no Senzoku Okuchi Maid _ My Childhood Friend is my Personal Mouth Maid.cbz,True,Osananajimi wa Ore no Senzoku Okuchi Maid _ My Childhood Friend is my Personal Mouth Maid.cbz,cbz,88866556,289d34599c5031b46b39408642a4f33ad73f0a68561f19706fc424c6954d461f,1,"[""https://cdn.564578634.xyz/works/Osananajimi_wa_Ore_no_Senzoku_Okuchi_Maid_My_Childhood_Friend_is_my_Personal_Mouth_Maid/chapter_1/item.json""]",1,210,88844300,uploaded,rclone,animeplex.lol:extended/works/Osananajimi_wa_Ore_no_Senzoku_Okuchi_Maid_My_Childhood_Friend_is_my_Personal_Mouth_Maid,2026-07-27T14:49:36Z,2026-07-27T14:49:36Z
Oshitoyaka_na_Sensei_to_Hame_Kuruu_Houkago,Oshitoyaka na Sensei to Hame Kuruu Houkago,4320657817,e,True,"[""manifest""]",https://cdn.564578634.xyz/works/Oshitoyaka_na_Sensei_to_Hame_Kuruu_Houkago/,works/Oshitoyaka_na_Sensei_to_Hame_Kuruu_Houkago.json,https://cdn.564578634.xyz/works/Oshitoyaka_na_Sensei_to_Hame_Kuruu_Houkago/chapter_1/thumb.webp,https://cdn.564578634.xyz/works/Oshitoyaka_na_Sensei_to_Hame_Kuruu_Houkago/chapter_1/details.json,https://cdn.564578634.xyz/works/Oshitoyaka_na_Sensei_to_Hame_Kuruu_Houkago/chapter_1/Oshitoyaka na Sensei to Hame Kuruu Houkago.cbz,True,Oshitoyaka na Sensei to Hame Kuruu Houkago.cbz,cbz,9103648,d0412d6223b350ee8c9b09a1e039d6e38785c7afbe3733c2becfe6cf5645fc16,1,"[""https://cdn.564578634.xyz/works/Oshitoyaka_na_Sensei_to_Hame_Kuruu_Houkago/chapter_1/item.json""]",1,100,9093822,uploaded,rclone,animeplex.lol:extended/works/Oshitoyaka_na_Sensei_to_Hame_Kuruu_Houkago,2026-07-27T14:49:36Z,2026-07-27T14:49:36Z
Otokoburo_Challenge..._Shippai_Sauna_de_Kakomare..._Mens_Bath_Challenge..._Failed_Cornered_in_the_Sauna...,Otokoburo Challenge... Shippai! Sauna de Kakomare... Men's Bath Challenge... Failed! Cornered in the Sauna...,7534171453,e,True,"[""manifest""]",https://cdn.564578634.xyz/works/Otokoburo_Challenge..._Shippai_Sauna_de_Kakomare..._Mens_Bath_Challenge..._Failed_Cornered_in_the_Sauna.../,works/Otokoburo_Challenge..._Shippai_Sauna_de_Kakomare..._Mens_Bath_Challenge..._Failed_Cornered_in_the_Sauna....json,https://cdn.564578634.xyz/works/Otokoburo_Challenge..._Shippai_Sauna_de_Kakomare..._Mens_Bath_Challenge..._Failed_Cornered_in_the_Sauna.../chapter_1/thumb.webp,https://cdn.564578634.xyz/works/Otokoburo_Challenge..._Shippai_Sauna_de_Kakomare..._Mens_Bath_Challenge..._Failed_Cornered_in_the_Sauna.../chapter_1/details.json,https://cdn.564578634.xyz/works/Otokoburo_Challenge..._Shippai_Sauna_de_Kakomare..._Mens_Bath_Challenge..._Failed_Cornered_in_the_Sauna.../chapter_1/Otokoburo Challenge... Shippai! Sauna de Kakomare... _ Men's Bath Challenge... Failed! Cornered in the Sauna....cbz,True,Otokoburo Challenge... Shippai! Sauna de Kakomare... _ Men's Bath Challenge... Failed! Cornered in the Sauna....cbz,cbz,6156278,ac4acc5230e546438d6e0f5f8a89d801ebe2a01495ef1d6b47084366056f2638,1,"[""https://cdn.564578634.xyz/works/Otokoburo_Challenge..._Shippai_Sauna_de_Kakomare..._Mens_Bath_Challenge..._Failed_Cornered_in_the_Sauna.../chapter_1/item.json""]",1,35,6153106,uploaded,rclone,animeplex.lol:extended/works/Otokoburo_Challenge..._Shippai_Sauna_de_Kakomare..._Mens_Bath_Challenge..._Failed_Cornered_in_the_Sauna...,2026-07-27T14:49:36Z,2026-07-27T14:49:36Z
Oyomesan_wa_Maou_My_Bride_is_the_Demon_Lord,Oyomesan wa Maou! My Bride is the Demon Lord!,1010565721,e,True,"[""manifest""]",https://cdn.564578634.xyz/works/Oyomesan_wa_Maou_My_Bride_is_the_Demon_Lord/,works/Oyomesan_wa_Maou_My_Bride_is_the_Demon_Lord.json,https://cdn.564578634.xyz/works/Oyomesan_wa_Maou_My_Bride_is_the_Demon_Lord/chapter_1/thumb.webp,https://cdn.564578634.xyz/works/Oyomesan_wa_Maou_My_Bride_is_the_Demon_Lord/chapter_1/details.json,https://cdn.564578634.xyz/works/Oyomesan_wa_Maou_My_Bride_is_the_Demon_Lord/chapter_1/Oyomesan wa Maou!_ _ My Bride is the Demon Lord!_.cbz,True,Oyomesan wa Maou!_ _ My Bride is the Demon Lord!_.cbz,cbz,62043326,a7010dfba2502be3dd20d41db217380b65f80612cfea460a66f153ef9ea3d6f1,1,"[""https://cdn.564578634.xyz/works/Oyomesan_wa_Maou_My_Bride_is_the_Demon_Lord/chapter_1/item.json""]",1,143,62029202,uploaded,rclone,animeplex.lol:extended/works/Oyomesan_wa_Maou_My_Bride_is_the_Demon_Lord,2026-07-27T14:49:36Z,2026-07-27T14:49:36Z
POWER_HAPPY_SEX,POWER HAPPY SEX,4288853824,e,True,"[""manifest""]",https://cdn.564578634.xyz/works/POWER_HAPPY_SEX/,works/POWER_HAPPY_SEX.json,https://cdn.564578634.xyz/works/POWER_HAPPY_SEX/chapter_1/thumb.webp,https://cdn.564578634.xyz/works/POWER_HAPPY_SEX/chapter_1/details.json,https://cdn.564578634.xyz/works/POWER_HAPPY_SEX/chapter_1/POWER HAPPY SEX.cbz,True,POWER HAPPY SEX.cbz,cbz,1902802,f9a87472a4ee273348d53c20ce3b72f789dd5f9f665b92b7fa2c5ef8342cae64,1,"[""https://cdn.564578634.xyz/works/POWER_HAPPY_SEX/chapter_1/item.json""]",1,5,1902340,uploaded,rclone,animeplex.lol:extended/works/POWER_HAPPY_SEX,2026-07-27T14:49:36Z,2026-07-27T14:49:36Z
Reiwa_Seikyouiku_Jisshuu_Kakumei_Reiwa_Sex_Ed_Training_Revolution,Reiwa Seikyouiku Jisshuu Kakumei! Reiwa Sex Ed Training Revolution!,8354947622,e,True,"[""manifest""]",https://cdn.564578634.xyz/works/Reiwa_Seikyouiku_Jisshuu_Kakumei_Reiwa_Sex_Ed_Training_Revolution/,works/Reiwa_Seikyouiku_Jisshuu_Kakumei_Reiwa_Sex_Ed_Training_Revolution.json,https://cdn.564578634.xyz/works/Reiwa_Seikyouiku_Jisshuu_Kakumei_Reiwa_Sex_Ed_Training_Revolution/chapter_1/thumb.webp,https://cdn.564578634.xyz/works/Reiwa_Seikyouiku_Jisshuu_Kakumei_Reiwa_Sex_Ed_Training_Revolution/chapter_1/details.json,https://cdn.564578634.xyz/works/Reiwa_Seikyouiku_Jisshuu_Kakumei_Reiwa_Sex_Ed_Training_Revolution/chapter_1/Reiwa Seikyouiku Jisshuu Kakumei! _ Reiwa Sex Ed Training Revolution!.cbz,True,Reiwa Seikyouiku Jisshuu Kakumei! _ Reiwa Sex Ed Training Revolution!.cbz,cbz,89577442,5d5fef2c42b4530e49803e60e579613585b474f4278b48bb24014e7fd558b8d7,1,"[""https://cdn.564578634.xyz/works/Reiwa_Seikyouiku_Jisshuu_Kakumei_Reiwa_Sex_Ed_Training_Revolution/chapter_1/item.json""]",1,182,89560676,uploaded,rclone,animeplex.lol:extended/works/Reiwa_Seikyouiku_Jisshuu_Kakumei_Reiwa_Sex_Ed_Training_Revolution,2026-07-27T14:49:36Z,2026-07-27T14:49:36Z
S_Kyuu_Hero_no_Hatsutaiken_The_S-Class_Heros_First_Time_decensored,S Kyuu Hero no Hatsutaiken The S-Class Hero's First Time (decensored),2365864140,e,True,"[""manifest""]",https://cdn.564578634.xyz/works/S_Kyuu_Hero_no_Hatsutaiken_The_S-Class_Heros_First_Time_decensored/,works/S_Kyuu_Hero_no_Hatsutaiken_The_S-Class_Heros_First_Time_decensored.json,https://cdn.564578634.xyz/works/S_Kyuu_Hero_no_Hatsutaiken_The_S-Class_Heros_First_Time_decensored/chapter_1/thumb.webp,https://cdn.564578634.xyz/works/S_Kyuu_Hero_no_Hatsutaiken_The_S-Class_Heros_First_Time_decensored/chapter_1/details.json,https://cdn.564578634.xyz/works/S_Kyuu_Hero_no_Hatsutaiken_The_S-Class_Heros_First_Time_decensored/chapter_1/S Kyuu Hero no Hatsutaiken _ The S-Class Hero's First Time (decensored).cbz,True,S Kyuu Hero no Hatsutaiken _ The S-Class Hero's First Time (decensored).cbz,cbz,1281316,5125216f325c9a5092867368ea0e7e270d3042e43431fc179a992c321883b685,1,"[""https://cdn.564578634.xyz/works/S_Kyuu_Hero_no_Hatsutaiken_The_S-Class_Heros_First_Time_decensored/chapter_1/item.json""]",1,4,1280942,uploaded,rclone,animeplex.lol:extended/works/S_Kyuu_Hero_no_Hatsutaiken_The_S-Class_Heros_First_Time_decensored,2026-07-27T14:49:36Z,2026-07-27T14:49:36Z
SADAKO_SHORT_COMIC,SADAKO SHORT COMIC!,2018315932,e,True,"[""manifest""]",https://cdn.564578634.xyz/works/SADAKO_SHORT_COMIC/,works/SADAKO_SHORT_COMIC.json,https://cdn.564578634.xyz/works/SADAKO_SHORT_COMIC/chapter_1/thumb.webp,https://cdn.564578634.xyz/works/SADAKO_SHORT_COMIC/chapter_1/details.json,https://cdn.564578634.xyz/works/SADAKO_SHORT_COMIC/chapter_1/SADAKO SHORT COMIC!.cbz,True,SADAKO SHORT COMIC!.cbz,cbz,1178094,bbe5dc3f4baef2be523a4b7b837b6e609f4da9f0ef445fa2fe3913339b323449,1,"[""https://cdn.564578634.xyz/works/SADAKO_SHORT_COMIC/chapter_1/item.json""]",1,5,1177632,uploaded,rclone,animeplex.lol:extended/works/SADAKO_SHORT_COMIC,2026-07-27T14:49:36Z,2026-07-27T14:49:36Z
Sarashi_Ai_decensored,Sarashi Ai (decensored),5237165033,e,True,"[""manifest""]",https://cdn.564578634.xyz/works/Sarashi_Ai_decensored/,works/Sarashi_Ai_decensored.json,https://cdn.564578634.xyz/works/Sarashi_Ai_decensored/chapter_1/thumb.webp,https://cdn.564578634.xyz/works/Sarashi_Ai_decensored/chapter_1/details.json,https://cdn.564578634.xyz/works/Sarashi_Ai_decensored/chapter_1/Sarashi Ai (decensored).cbz,True,Sarashi Ai (decensored).cbz,cbz,54580948,7af9df600177aeb0453d52bd5f91759b6d6109b2d464c3fd801c3d11e8ce638a,1,"[""https://cdn.564578634.xyz/works/Sarashi_Ai_decensored/chapter_1/item.json""]",1,201,54562418,uploaded,rclone,animeplex.lol:extended/works/Sarashi_Ai_decensored,2026-07-27T14:49:36Z,2026-07-27T14:49:36Z
SHAMANS_SPECIAL_SERVICE,SHAMAN'S SPECIAL SERVICE,3163379662,e,True,"[""manifest""]",https://cdn.564578634.xyz/works/SHAMANS_SPECIAL_SERVICE/,works/SHAMANS_SPECIAL_SERVICE.json,https://cdn.564578634.xyz/works/SHAMANS_SPECIAL_SERVICE/chapter_1/thumb.webp,https://cdn.564578634.xyz/works/SHAMANS_SPECIAL_SERVICE/chapter_1/details.json,https://cdn.564578634.xyz/works/SHAMANS_SPECIAL_SERVICE/chapter_1/SHAMAN'S SPECIAL SERVICE.cbz,True,SHAMAN'S SPECIAL SERVICE.cbz,cbz,11817584,f9b119e4c2acd903e69738579833641f06f17b123dc399f31659d269b0bb36ad,1,"[""https://cdn.564578634.xyz/works/SHAMANS_SPECIAL_SERVICE/chapter_1/item.json""]",1,27,11815132,uploaded,rclone,animeplex.lol:extended/works/SHAMANS_SPECIAL_SERVICE,2026-07-27T14:49:36Z,2026-07-27T14:49:36Z
Shibatte_Aishite.,Shibatte Aishite.,1330849545,e,True,"[""manifest""]",https://cdn.564578634.xyz/works/Shibatte_Aishite./,works/Shibatte_Aishite..json,https://cdn.564578634.xyz/works/Shibatte_Aishite./chapter_1/thumb.webp,https://cdn.564578634.xyz/works/Shibatte_Aishite./chapter_1/details.json,https://cdn.564578634.xyz/works/Shibatte_Aishite./chapter_1/Shibatte Aishite..cbz,True,Shibatte Aishite..cbz,cbz,71607326,a466bcf0eb5c271ec4b590e8ad0a86a7845313afc4446fe784b34903895c2958,1,"[""https://cdn.564578634.xyz/works/Shibatte_Aishite./chapter_1/item.json""]",1,138,71592392,uploaded,rclone,animeplex.lol:extended/works/Shibatte_Aishite.,2026-07-27T14:49:36Z,2026-07-27T14:49:36Z
Shougakkou_no_Tannin_no_Sensei_ni_Saimin_toka_Jikan_Teishi_toka_Toumei_Ningen_toka_Iroiro_Using_Abilities_like_Hypnosis_Invisibility_Time_Stop_on_my_Elementary_School_Homeroom_Teacher,"Shougakkou no Tannin no Sensei ni Saimin toka Jikan Teishi toka Toumei Ningen toka Iroiro Using Abilities like Hypnosis, Invisibility & Time Stop on my Elementary School Homeroom Teacher",1146788670,e,True,"[""manifest""]",https://cdn.564578634.xyz/works/Shougakkou_no_Tannin_no_Sensei_ni_Saimin_toka_Jikan_Teishi_toka_Toumei_Ningen_toka_Iroiro_Using_Abilities_like_Hypnosis_Invisibility_Time_Stop_on_my_Elementary_School_Homeroom_Teacher/,works/Shougakkou_no_Tannin_no_Sensei_ni_Saimin_toka_Jikan_Teishi_toka_Toumei_Ningen_toka_Iroiro_Using_Abilities_like_Hypnosis_Invisibility_Time_Stop_on_my_Elementary_School_Homeroom_Teacher.json,https://cdn.564578634.xyz/works/Shougakkou_no_Tannin_no_Sensei_ni_Saimin_toka_Jikan_Teishi_toka_Toumei_Ningen_toka_Iroiro_Using_Abilities_like_Hypnosis_Invisibility_Time_Stop_on_my_Elementary_School_Homeroom_Teacher/chapter_1/thumb.webp,https://cdn.564578634.xyz/works/Shougakkou_no_Tannin_no_Sensei_ni_Saimin_toka_Jikan_Teishi_toka_Toumei_Ningen_toka_Iroiro_Using_Abilities_like_Hypnosis_Invisibility_Time_Stop_on_my_Elementary_School_Homeroom_Teacher/chapter_1/details.json,"https://cdn.564578634.xyz/works/Shougakkou_no_Tannin_no_Sensei_ni_Saimin_toka_Jikan_Teishi_toka_Toumei_Ningen_toka_Iroiro_Using_Abilities_like_Hypnosis_Invisibility_Time_Stop_on_my_Elementary_School_Homeroom_Teacher/chapter_1/Shougakkou no Tannin no Sensei ni Saimin toka Jikan Teishi toka Toumei Ningen toka Iroiro _ Using Abilities like Hypnosis, Invisibility & Time Stop on my Elementary School Homeroom Teacher.cbz",True,"Shougakkou no Tannin no Sensei ni Saimin toka Jikan Teishi toka Toumei Ningen toka Iroiro _ Using Abilities like Hypnosis, Invisibility & Time Stop on my Elementary School Homeroom Teacher.cbz",cbz,25169210,50e9539c4110cca34d77a79473af28d2e2cdb366460292bbdd71e28801538626,1,"[""https://cdn.564578634.xyz/works/Shougakkou_no_Tannin_no_Sensei_ni_Saimin_toka_Jikan_Teishi_toka_Toumei_Ningen_toka_Iroiro_Using_Abilities_like_Hypnosis_Invisibility_Time_Stop_on_my_Elementary_School_Homeroom_Teacher/chapter_1/item.json""]",1,82,25161808,uploaded,rclone,animeplex.lol:extended/works/Shougakkou_no_Tannin_no_Sensei_ni_Saimin_toka_Jikan_Teishi_toka_Toumei_Ningen_toka_Iroiro_Using_Abilities_like_Hypnosis_Invisibility_Time_Stop_on_my_Elementary_School_Homeroom_Teacher,2026-07-27T14:49:36Z,2026-07-27T14:49:36Z
Sweet_Hearts_uncensored,Sweet Hearts (uncensored),2788444522,e,True,"[""manifest""]",https://cdn.564578634.xyz/works/Sweet_Hearts_uncensored/,works/Sweet_Hearts_uncensored.json,https://cdn.564578634.xyz/works/Sweet_Hearts_uncensored/chapter_1/thumb.webp,https://cdn.564578634.xyz/works/Sweet_Hearts_uncensored/chapter_1/details.json,https://cdn.564578634.xyz/works/Sweet_Hearts_uncensored/chapter_1/Sweet Hearts (uncensored).cbz,True,Sweet Hearts (uncensored).cbz,cbz,20678384,f990e5d4495da49bfe525afdb8f874cecc94c6a260e82b3f724ef015a416c5ee,1,"[""https://cdn.564578634.xyz/works/Sweet_Hearts_uncensored/chapter_1/item.json""]",1,100,20669162,uploaded,rclone,animeplex.lol:extended/works/Sweet_Hearts_uncensored,2026-07-27T14:49:36Z,2026-07-27T14:49:36Z
Tonari_no_JK_ni_Odosarete_Iribitararetemasu_Naki_3,Tonari no JK ni Odosarete Iribitararetemasu (Naki 3,6150713232,e,True,"[""manifest""]",https://cdn.564578634.xyz/works/Tonari_no_JK_ni_Odosarete_Iribitararetemasu_Naki_3/,works/Tonari_no_JK_ni_Odosarete_Iribitararetemasu_Naki_3.json,https://cdn.564578634.xyz/works/Tonari_no_JK_ni_Odosarete_Iribitararetemasu_Naki_3/chapter_1/thumb.webp,https://cdn.564578634.xyz/works/Tonari_no_JK_ni_Odosarete_Iribitararetemasu_Naki_3/chapter_1/details.json,https://cdn.564578634.xyz/works/Tonari_no_JK_ni_Odosarete_Iribitararetemasu_Naki_3/chapter_1/Tonari no JK ni Odosarete Iribitararetemasu (Naki 3.cbz,True,Tonari no JK ni Odosarete Iribitararetemasu (Naki 3.cbz,cbz,4519310,e5ceefbf668a04bf9460d04c89555595ec4ccabda7e73c52254bc68ae2cfd174,1,"[""https://cdn.564578634.xyz/works/Tonari_no_JK_ni_Odosarete_Iribitararetemasu_Naki_3/chapter_1/item.json""]",1,39,4515778,uploaded,rclone,animeplex.lol:extended/works/Tonari_no_JK_ni_Odosarete_Iribitararetemasu_Naki_3,2026-07-27T14:49:36Z,2026-07-27T14:49:36Z
TS_Little_Imp_Bitch,TS Little Imp Bitch,7685702377,e,True,"[""manifest""]",https://cdn.564578634.xyz/works/TS_Little_Imp_Bitch/,works/TS_Little_Imp_Bitch.json,https://cdn.564578634.xyz/works/TS_Little_Imp_Bitch/chapter_1/thumb.webp,https://cdn.564578634.xyz/works/TS_Little_Imp_Bitch/chapter_1/details.json,https://cdn.564578634.xyz/works/TS_Little_Imp_Bitch/chapter_1/TS Little Imp Bitch.cbz,True,TS Little Imp Bitch.cbz,cbz,2728068,f63345e33d8391b63bbdf38b950dd7666a89fded8361b0e93cecdc24ccb82ff2,1,"[""https://cdn.564578634.xyz/works/TS_Little_Imp_Bitch/chapter_1/item.json""]",1,23,2725976,uploaded,rclone,animeplex.lol:extended/works/TS_Little_Imp_Bitch,2026-07-27T14:49:36Z,2026-07-27T14:49:36Z
Tsukaretemo_Koi_ga_Shitai_Even_If_Im_Haunted_by_a_Ghost_I_still_want_to_Fall_in_Love,"Tsukaretemo Koi ga Shitai! Even If I'm Haunted by a Ghost, I still want to Fall in Love!",5291636494,e,True,"[""manifest""]",https://cdn.564578634.xyz/works/Tsukaretemo_Koi_ga_Shitai_Even_If_Im_Haunted_by_a_Ghost_I_still_want_to_Fall_in_Love/,works/Tsukaretemo_Koi_ga_Shitai_Even_If_Im_Haunted_by_a_Ghost_I_still_want_to_Fall_in_Love.json,https://cdn.564578634.xyz/works/Tsukaretemo_Koi_ga_Shitai_Even_If_Im_Haunted_by_a_Ghost_I_still_want_to_Fall_in_Love/chapter_1/thumb.webp,https://cdn.564578634.xyz/works/Tsukaretemo_Koi_ga_Shitai_Even_If_Im_Haunted_by_a_Ghost_I_still_want_to_Fall_in_Love/chapter_1/details.json,"https://cdn.564578634.xyz/works/Tsukaretemo_Koi_ga_Shitai_Even_If_Im_Haunted_by_a_Ghost_I_still_want_to_Fall_in_Love/chapter_1/Tsukaretemo Koi ga Shitai! _ Even If I'm Haunted by a Ghost, I still want to Fall in Love!.cbz",True,"Tsukaretemo Koi ga Shitai! _ Even If I'm Haunted by a Ghost, I still want to Fall in Love!.cbz",cbz,30629776,b9274b787f062143af859f254ea08bf803b9e76e03e41332fc3440b949b65d36,1,"[""https://cdn.564578634.xyz/works/Tsukaretemo_Koi_ga_Shitai_Even_If_Im_Haunted_by_a_Ghost_I_still_want_to_Fall_in_Love/chapter_1/item.json""]",1,56,30624266,uploaded,rclone,animeplex.lol:extended/works/Tsukaretemo_Koi_ga_Shitai_Even_If_Im_Haunted_by_a_Ghost_I_still_want_to_Fall_in_Love,2026-07-27T14:49:36Z,2026-07-27T14:49:36Z
Udo_Sachie_mo_Nankai_mo_Rape_suru_to_Kimochi_Yoku_Narun_da._Udo_No_matter_How_Many_Times_I_Fuck_You_Sachie_It_Feels_Amazing,Udo Sachie mo Nankai mo Rape suru to Kimochi Yoku Narun da. Udo No matter How Many Times I Fuck You Sachie It Feels Amazing,9287600371,e,True,"[""manifest""]",https://cdn.564578634.xyz/works/Udo_Sachie_mo_Nankai_mo_Rape_suru_to_Kimochi_Yoku_Narun_da._Udo_No_matter_How_Many_Times_I_Fuck_You_Sachie_It_Feels_Amazing/,works/Udo_Sachie_mo_Nankai_mo_Rape_suru_to_Kimochi_Yoku_Narun_da._Udo_No_matter_How_Many_Times_I_Fuck_You_Sachie_It_Feels_Amazing.json,https://cdn.564578634.xyz/works/Udo_Sachie_mo_Nankai_mo_Rape_suru_to_Kimochi_Yoku_Narun_da._Udo_No_matter_How_Many_Times_I_Fuck_You_Sachie_It_Feels_Amazing/chapter_1/thumb.webp,https://cdn.564578634.xyz/works/Udo_Sachie_mo_Nankai_mo_Rape_suru_to_Kimochi_Yoku_Narun_da._Udo_No_matter_How_Many_Times_I_Fuck_You_Sachie_It_Feels_Amazing/chapter_1/details.json,https://cdn.564578634.xyz/works/Udo_Sachie_mo_Nankai_mo_Rape_suru_to_Kimochi_Yoku_Narun_da._Udo_No_matter_How_Many_Times_I_Fuck_You_Sachie_It_Feels_Amazing/chapter_1/Udo _Sachie mo Nankai mo Rape suru to Kimochi Yoku Narun da._ _ Udo _No matter How Many Times I Fuck You Sachie It Feels Amazing_.cbz,True,Udo _Sachie mo Nankai mo Rape suru to Kimochi Yoku Narun da._ _ Udo _No matter How Many Times I Fuck You Sachie It Feels Amazing_.cbz,cbz,32746180,3c39a5241f04cef7ed0384df7711fd31a6fc02ea78c651ac1104aa493734f40f,1,"[""https://cdn.564578634.xyz/works/Udo_Sachie_mo_Nankai_mo_Rape_suru_to_Kimochi_Yoku_Narun_da._Udo_No_matter_How_Many_Times_I_Fuck_You_Sachie_It_Feels_Amazing/chapter_1/item.json""]",1,90,32738058,uploaded,rclone,animeplex.lol:extended/works/Udo_Sachie_mo_Nankai_mo_Rape_suru_to_Kimochi_Yoku_Narun_da._Udo_No_matter_How_Many_Times_I_Fuck_You_Sachie_It_Feels_Amazing,2026-07-27T14:49:36Z,2026-07-27T14:49:36Z
UZAKIT2,UZAKIT2,8725348961,e,True,"[""manifest""]",https://cdn.564578634.xyz/works/UZAKIT2/,works/UZAKIT2.json,https://cdn.564578634.xyz/works/UZAKIT2/chapter_1/thumb.webp,https://cdn.564578634.xyz/works/UZAKIT2/chapter_1/details.json,https://cdn.564578634.xyz/works/UZAKIT2/chapter_1/UZAKIT2.cbz,True,UZAKIT2.cbz,cbz,2460720,fe47b747ffac475e3e643bd013212b439aa3221964a6b4d663efda3d6359b1b9,1,"[""https://cdn.564578634.xyz/works/UZAKIT2/chapter_1/item.json""]",1,11,2459708,uploaded,rclone,animeplex.lol:extended/works/UZAKIT2,2026-07-27T14:49:36Z,2026-07-27T14:49:36Z
WALLS,WALLS,1302590018,e,True,"[""manifest""]",https://cdn.564578634.xyz/works/WALLS/,works/WALLS.json,https://cdn.564578634.xyz/works/WALLS/chapter_1/thumb.webp,https://cdn.564578634.xyz/works/WALLS/chapter_1/details.json,https://cdn.564578634.xyz/works/WALLS/chapter_1/WALLS.cbz,True,WALLS.cbz,cbz,4373512,f2d3d276650bf4a75aa0af5c9d25739b897cc71830c9dc66f1bbe43187e999f9,1,"[""https://cdn.564578634.xyz/works/WALLS/chapter_1/item.json""]",1,13,4372320,uploaded,rclone,animeplex.lol:extended/works/WALLS,2026-07-27T14:49:36Z,2026-07-27T14:49:36Z
Zenin_Mukuwarenai_Harem_A_Harem_Where_No_One_Is_Reciprocated_2,Zenin Mukuwarenai Harem A Harem Where No One Is Reciprocated 2,3708988671,e,True,"[""manifest""]",https://cdn.564578634.xyz/works/Zenin_Mukuwarenai_Harem_A_Harem_Where_No_One_Is_Reciprocated_2/,works/Zenin_Mukuwarenai_Harem_A_Harem_Where_No_One_Is_Reciprocated_2.json,https://cdn.564578634.xyz/works/Zenin_Mukuwarenai_Harem_A_Harem_Where_No_One_Is_Reciprocated_2/chapter_1/thumb.webp,https://cdn.564578634.xyz/works/Zenin_Mukuwarenai_Harem_A_Harem_Where_No_One_Is_Reciprocated_2/chapter_1/details.json,https://cdn.564578634.xyz/works/Zenin_Mukuwarenai_Harem_A_Harem_Where_No_One_Is_Reciprocated_2/chapter_1/Zenin Mukuwarenai Harem _ A Harem Where No One Is Reciprocated 2.cbz,True,Zenin Mukuwarenai Harem _ A Harem Where No One Is Reciprocated 2.cbz,cbz,33347692,ae1cb7419d8098c25dfa987851eec4d03a655d73e7567bbced33a50b0ac97684,1,"[""https://cdn.564578634.xyz/works/Zenin_Mukuwarenai_Harem_A_Harem_Where_No_One_Is_Reciprocated_2/chapter_1/item.json""]",1,84,33339436,uploaded,rclone,animeplex.lol:extended/works/Zenin_Mukuwarenai_Harem_A_Harem_Where_No_One_Is_Reciprocated_2,2026-07-27T14:49:36Z,2026-07-27T14:49:36Z
